SET FOREIGN_KEY_CHECKS = 0;

DELETE FROM game_records;

DELETE FROM player_positions;

DELETE FROM fielder_profiles;

DELETE FROM pitcher_profiles;

DELETE FROM players;

DELETE FROM positions;

SET FOREIGN_KEY_CHECKS = 1;

INSERT INTO positions (id, name, description) VALUES
(1, '投手', NULL),
(2, '捕手', NULL),
(3, '一垒手', NULL),
(4, '二垒手', NULL),
(5, '三垒手', NULL),
(6, '游击手', NULL),
(7, '左外野手', NULL),
(8, '中外野手', NULL),
(9, '右外野手', NULL);

INSERT INTO players (id, name, jersey_number, primary_position, is_pitcher, birth_date, join_date, contact_phone) VALUES
(7, '韩登越', '30', '投手', 1, NULL, '2025-12-05', NULL),
(8, '蒙佳慕', '45', '游击手', 0, NULL, '2025-12-05', NULL),
(9, '刘孝宇', '15', '投手', 1, NULL, '2025-12-05', NULL),
(10, '齐佳', '37', '捕手', 0, NULL, '2025-12-05', NULL),
(12, '杨景旭', '26', '一垒手', 0, NULL, '2025-12-06', NULL),
(13, '张家昊', '73', '中外野手', 0, NULL, '2025-12-06', NULL),
(14, '仇志豪', '1', '二垒手', 0, NULL, '2026-04-04', NULL),
(15, '李昊宇', '99', '投手', 1, NULL, '2026-04-04', NULL),
(16, '白云箫', '0', '投手', 1, NULL, '2026-04-04', NULL),
(17, '黄钰洲', '52', '三垒手', 0, NULL, '2026-04-04', NULL),
(18, '吴鸿硕', '24', '投手', 1, NULL, '2026-04-04', NULL),
(19, '崔博宇', '0', '左外野手', 0, NULL, '2026-04-04', NULL),
(20, '田潇宇', '0', '一垒手', 0, NULL, '2026-04-04', NULL),
(21, '王家润', '0', '右外野手', 0, NULL, '2026-04-04', NULL),
(22, '尹端毅', '0', '右外野手', 0, NULL, '2026-04-04', NULL),
(23, '朱骏骋', '0', '右外野手', 0, NULL, '2026-04-04', NULL),
(25, '夏诚明', '3', '捕手', 0, NULL, '2026-04-04', NULL),
(26, '杨宇轩', '51', '左外野手', 0, NULL, '2026-04-04', NULL),
(27, '左昊童', '00', '右外野手', 0, NULL, '2026-04-04', NULL),
(28, '欧阳翦', '23', '投手', 1, NULL, '2026-04-04', NULL),
(29, '崔洲齐', '66', '二垒手', 0, NULL, '2026-04-04', NULL),
(33, '杨润琦', '89', '二垒手', 0, NULL, '2026-04-04', NULL),
(34, '马绍翔', '7', '左外野手', 0, NULL, '2026-04-04', NULL),
(36, '张宸', '86', '右外野手', 0, NULL, '2026-04-04', NULL),
(38, '于凯泽', '9', '右外野手', 0, NULL, '2026-04-04', NULL),
(39, '聂千盛', '26', '三垒手', 0, NULL, '2026-04-04', NULL),
(41, '翁奇雁', '0', '二垒手', 0, NULL, '2026-04-04', NULL);

INSERT INTO player_positions (player_id, position_id) VALUES
(7, 1),
(8, 6),
(9, 1),
(10, 2),
(12, 3),
(13, 8),
(14, 4),
(15, 1),
(16, 1),
(17, 5),
(18, 1),
(19, 7),
(20, 3),
(21, 9),
(22, 9),
(23, 9),
(25, 2),
(26, 7),
(27, 9),
(28, 1),
(29, 4),
(29, 5),
(33, 4),
(34, 7),
(36, 9),
(38, 9),
(39, 5),
(41, 4);

INSERT INTO fielder_profiles (player_id, at_bats_total, runs_total, hits_total, rbi_total, walks_total, strikeouts_batting_total, batting_average, on_base_percentage, slugging_percentage, ops, doubles, triples, home_runs_batting, total_bases, hit_by_pitch, stolen_bases, caught_stealing, sacrifice_flys, sacrifice_hits, errors_fielding, passed_balls) VALUES
(7, 31, 27, 19, 34, 7, 3, 0.613, 0.707, 1.613, 2.32, 4, 0, 9, 50, 3, 8, 4, 0, 0, 0, 0),
(8, 25, 26, 10, 13, 11, 3, 0.4, 0.615, 0.64, 1.255, 0, 0, 2, 16, 3, 20, 0, 0, 0, 0, 0),
(9, 34, 19, 16, 18, 6, 6, 0.471, 0.561, 0.588, 1.149, 4, 0, 0, 20, 1, 16, 1, 0, 0, 0, 0),
(10, 14, 15, 5, 9, 8, 5, 0.357, 0.654, 0.357, 1.011, 0, 0, 0, 5, 4, 9, 1, 0, 0, 0, 0),
(12, 15, 10, 8, 10, 8, 3, 0.533, 0.708, 0.8, 1.508, 4, 0, 0, 12, 1, 7, 0, 0, 0, 0, 0),
(13, 43, 33, 30, 27, 8, 3, 0.698, 0.768, 1.233, 2.001, 11, 0, 4, 53, 5, 19, 14, 0, 0, 0, 0),
(14, 16, 18, 6, 5, 16, 2, 0.375, 0.714, 0.562, 1.276, 3, 0, 0, 9, 3, 9, 0, 0, 0, 0, 0),
(15, 24, 12, 8, 8, 7, 8, 0.333, 0.543, 0.375, 0.918, 1, 0, 0, 9, 4, 10, 2, 0, 0, 0, 0),
(16, 9, 6, 5, 7, 2, 1, 0.556, 0.667, 1.333, 2.0, 1, 0, 2, 12, 1, 7, 1, 0, 0, 0, 0),
(17, 32, 21, 12, 11, 14, 9, 0.375, 0.6, 0.594, 1.194, 4, 0, 1, 19, 4, 12, 0, 0, 0, 0, 0),
(18, 10, 9, 1, 2, 9, 3, 0.1, 0.55, 0.1, 0.65, 0, 0, 0, 1, 1, 7, 1, 0, 0, 0, 0),
(19, 3, 0, 0, 1, 0, 1, 0.0, 0.0, 0.0, 0.0, 0, 0, 0, 0, 0, 0, 0, 0, 0, 0, 0),
(20, 9, 2, 3, 2, 0, 6, 0.333, 0.333, 0.333, 0.666, 0, 0, 0, 3, 0, 3, 0, 0, 0, 0, 0),
(21, 8, 2, 3, 4, 2, 4, 0.375, 0.5, 0.5, 1.0, 1, 0, 0, 4, 0, 1, 0, 0, 0, 0, 0),
(22, 5, 1, 1, 2, 0, 4, 0.2, 0.2, 0.4, 0.6, 1, 0, 0, 2, 0, 0, 0, 0, 0, 0, 0),
(23, 0, 1, 0, 0, 4, 0, 0.0, 1.0, 0.0, 1.0, 0, 0, 0, 0, 0, 3, 1, 0, 0, 0, 0),
(25, 17, 12, 9, 7, 6, 4, 0.529, 0.652, 0.706, 1.358, 0, 0, 1, 12, 0, 10, 2, 0, 0, 0, 0),
(26, 1, 0, 0, 0, 0, 1, 0.0, 0.0, 0.0, 0.0, 0, 0, 0, 0, 0, 0, 0, 0, 0, 0, 0),
(27, 2, 0, 0, 0, 0, 2, 0.0, 0.0, 0.0, 0.0, 0, 0, 0, 0, 0, 0, 0, 0, 0, 0, 0),
(28, 25, 13, 10, 10, 5, 8, 0.4, 0.559, 0.56, 1.119, 4, 0, 0, 14, 4, 15, 1, 0, 0, 0, 0),
(29, 5, 6, 2, 4, 2, 0, 0.4, 0.7, 0.6, 1.3, 1, 0, 0, 3, 3, 2, 0, 0, 0, 0, 0),
(33, 7, 6, 4, 5, 2, 3, 0.571, 0.7, 0.714, 1.414, 1, 0, 0, 5, 1, 6, 0, 0, 0, 0, 0),
(34, 13, 7, 5, 8, 4, 4, 0.385, 0.529, 0.923, 1.452, 1, 0, 2, 12, 0, 3, 0, 0, 0, 0, 0),
(36, 2, 3, 2, 2, 0, 0, 1.0, 1.0, 1.5, 2.5, 1, 0, 0, 3, 1, 4, 0, 0, 0, 0, 0),
(38, 0, 1, 0, 0, 1, 0, 0.0, 1.0, 0.0, 1.0, 0, 0, 0, 0, 0, 0, 0, 0, 0, 0, 0),
(39, 1, 1, 1, 0, 0, 0, 1.0, 1.0, 1.0, 2.0, 0, 0, 0, 1, 1, 1, 0, 0, 0, 0, 0),
(41, 0, 2, 0, 0, 2, 0, 0.0, 1.0, 0.0, 1.0, 0, 0, 0, 0, 0, 0, 0, 0, 0, 0, 0);

INSERT INTO pitcher_profiles (player_id, innings_pitched_total, hits_allowed_total, runs_allowed_total, earned_runs_total, walks_allowed_total, strikeouts_total, home_runs_allowed_total, pitches, strikes, hit_by_pitch_allowed, batters_faced, era, whip, strike_percentage, wild_pitches) VALUES
(7, 24.1, 14, 11, 2, 14, 41, 0, 301, 181, 28, 0, 0.75, 1.16, 60.1, 0),
(8, 0.0, 0, 0, 0, 0, 0, 0, 0, 0, 0, 0, 0.0, 0.0, 0.0, 0),
(9, 4.0, 8, 16, 10, 17, 7, 1, 63, 31, 0, 1, 22.5, 6.25, 49.2, 0),
(10, 0.0, 0, 0, 0, 0, 0, 0, 0, 0, 0, 0, 0.0, 0.0, 0.0, 0),
(12, 0.0, 0, 0, 0, 0, 0, 0, 0, 0, 0, 0, 0.0, 0.0, 0.0, 0),
(13, 0.0, 0, 0, 0, 0, 0, 0, 0, 0, 0, 0, 0.0, 0.0, 0.0, 0),
(14, 0.0, 2, 1, 1, 0, 0, 0, 0, 0, 2, 0, 0.0, 0.0, 0.0, 0),
(15, 5.1, 5, 11, 10, 10, 9, 0, 87, 44, 21, 8, 17.65, 2.94, 50.6, 0),
(16, 5.199999999999999, 7, 16, 12, 13, 9, 0, 144, 72, 3, 0, 20.77, 3.85, 50.0, 0),
(17, 0.0, 0, 0, 0, 0, 0, 0, 0, 0, 0, 0, 0.0, 0.0, 0.0, 0),
(18, 3.7, 4, 9, 7, 15, 9, 0, 93, 34, 5, 0, 17.03, 5.14, 36.6, 0),
(19, 0.0, 0, 0, 0, 0, 0, 0, 0, 0, 0, 0, 0.0, 0.0, 0.0, 0),
(20, 0.0, 0, 0, 0, 0, 0, 0, 0, 0, 0, 0, 0.0, 0.0, 0.0, 0),
(21, 0.0, 0, 0, 0, 0, 0, 0, 0, 0, 0, 0, 0.0, 0.0, 0.0, 0),
(22, 0.0, 0, 0, 0, 0, 0, 0, 0, 0, 0, 0, 0.0, 0.0, 0.0, 0),
(23, 0.0, 0, 0, 0, 0, 0, 0, 0, 0, 0, 0, 0.0, 0.0, 0.0, 0),
(25, 0.0, 0, 0, 0, 0, 0, 0, 0, 0, 0, 0, 0.0, 0.0, 0.0, 0),
(26, 0.0, 0, 0, 0, 0, 0, 0, 0, 0, 0, 0, 0.0, 0.0, 0.0, 0),
(27, 0.0, 0, 0, 0, 0, 0, 0, 0, 0, 0, 0, 0.0, 0.0, 0.0, 0),
(28, 13.3, 21, 18, 15, 5, 21, 3, 236, 152, 13, 7, 10.15, 1.95, 64.4, 0),
(29, 0.0, 0, 0, 0, 0, 0, 0, 0, 0, 0, 0, 0.0, 0.0, 0.0, 0),
(33, 0.0, 0, 0, 0, 0, 0, 0, 0, 0, 0, 0, 0.0, 0.0, 0.0, 0),
(34, 0.0, 0, 0, 0, 0, 0, 0, 0, 0, 0, 0, 0.0, 0.0, 0.0, 0),
(36, 0.0, 0, 0, 0, 0, 0, 0, 0, 0, 0, 0, 0.0, 0.0, 0.0, 0),
(38, 0.0, 0, 0, 0, 0, 0, 0, 0, 0, 0, 0, 0.0, 0.0, 0.0, 0),
(39, 0.0, 0, 0, 0, 0, 0, 0, 0, 0, 0, 0, 0.0, 0.0, 0.0, 0),
(41, 0.0, 0, 0, 0, 0, 0, 0, 0, 0, 0, 0, 0.0, 0.0, 0.0, 0);

INSERT INTO game_records (id, player_id, game_date, opponent, is_pitching_record, at_bats, runs, hits, rbi, walks, strikeouts, doubles, triples, home_runs_batting, total_bases, hit_by_pitch, stolen_bases, caught_stealing, sacrifice_flys, sacrifice_hits, pitches, strikes, hit_by_pitch_allowed, batters_faced, wild_pitches, innings_pitched, hits_allowed, runs_allowed, earned_runs, walks_allowed, strikeouts_pitched, home_runs_allowed, errors_fielding, passed_balls, win, loss, save) VALUES
(1, 14, '2023-04-09', '北京交通大学', 0, 2, 1, 1, 0, 0, 0, 1, 0, 0, 2, 3, 3, 0, 0, 0, 0, 0, 0, 0, 0, 0.0, 0, 0, 0, 0, 0, 0, 0, 0, 0, 0, 0),
(2, 15, '2023-04-09', '北京交通大学', 0, 3, 1, 1, 0, 0, 2, 0, 0, 0, 1, 1, 0, 0, 0, 0, 0, 0, 0, 0, 0, 0.0, 0, 0, 0, 0, 0, 0, 0, 0, 0, 0, 0),
(3, 16, '2023-04-09', '北京交通大学', 0, 2, 2, 1, 2, 1, 0, 0, 0, 1, 4, 0, 1, 0, 0, 0, 0, 0, 0, 0, 0, 0.0, 0, 0, 0, 0, 0, 0, 0, 0, 0, 0, 0),
(4, 17, '2023-04-09', '北京交通大学', 0, 2, 3, 2, 0, 0, 0, 0, 0, 0, 2, 1, 1, 0, 0, 0, 0, 0, 0, 0, 0, 0.0, 0, 0, 0, 0, 0, 0, 0, 0, 0, 0, 0),
(5, 7, '2023-04-09', '北京交通大学', 0, 3, 1, 1, 1, 0, 0, 1, 0, 0, 2, 2, 2, 0, 0, 0, 0, 0, 0, 0, 0, 0.0, 0, 0, 0, 0, 0, 0, 0, 0, 0, 0, 0),
(6, 18, '2023-04-09', '北京交通大学', 0, 2, 0, 0, 0, 1, 1, 0, 0, 0, 0, 0, 2, 0, 0, 0, 0, 0, 0, 0, 0, 0.0, 0, 0, 0, 0, 0, 0, 0, 0, 0, 0, 0),
(7, 19, '2023-04-09', '北京交通大学', 0, 3, 0, 0, 1, 0, 1, 0, 0, 0, 0, 0, 0, 0, 0, 0, 0, 0, 0, 0, 0, 0.0, 0, 0, 0, 0, 0, 0, 0, 0, 0, 0, 0),
(8, 20, '2023-04-09', '北京交通大学', 0, 3, 0, 0, 0, 0, 3, 0, 0, 0, 0, 0, 0, 0, 0, 0, 0, 0, 0, 0, 0, 0.0, 0, 0, 0, 0, 0, 0, 0, 0, 0, 0, 0),
(9, 21, '2023-04-09', '北京交通大学', 0, 2, 0, 0, 0, 0, 2, 0, 0, 0, 0, 0, 0, 0, 0, 0, 0, 0, 0, 0, 0, 0.0, 0, 0, 0, 0, 0, 0, 0, 0, 0, 0, 0),
(10, 7, '2023-04-09', '北京交通大学', 1, 0, 0, 0, 0, 0, 0, 0, 0, 0, 0, 0, 0, 0, 0, 0, 43, 29, 2, 0, 0, 3.0, 1, 0, 0, 1, 5, 0, 0, 0, 0, 1, 0),
(11, 16, '2023-04-09', '北京交通大学', 1, 0, 0, 0, 0, 0, 0, 0, 0, 0, 0, 0, 0, 0, 0, 0, 83, 34, 2, 0, 0, 1.1, 3, 8, 6, 8, 2, 0, 0, 0, 0, 0, 0),
(12, 14, '2023-04-09', '北京交通大学', 1, 0, 0, 0, 0, 0, 0, 0, 0, 0, 0, 0, 0, 0, 0, 0, 0, 0, 2, 0, 0, 0.0, 2, 1, 1, 0, 0, 0, 0, 0, 0, 0, 1),
(13, 14, '2023-04-15', '北京航空航天大学', 0, 3, 2, 1, 1, 1, 0, 1, 0, 0, 2, 0, 1, 0, 0, 0, 0, 0, 0, 0, 0, 0.0, 0, 0, 0, 0, 0, 0, 0, 0, 0, 0, 0),
(14, 7, '2023-04-15', '北京航空航天大学', 0, 3, 3, 2, 3, 0, 0, 0, 0, 2, 8, 1, 0, 0, 0, 0, 0, 0, 0, 0, 0, 0.0, 0, 0, 0, 0, 0, 0, 0, 0, 0, 0, 0),
(15, 16, '2023-04-15', '北京航空航天大学', 0, 3, 2, 3, 4, 1, 0, 1, 0, 1, 7, 0, 2, 0, 0, 0, 0, 0, 0, 0, 0, 0.0, 0, 0, 0, 0, 0, 0, 0, 0, 0, 0, 0),
(16, 17, '2023-04-15', '北京航空航天大学', 0, 2, 0, 0, 0, 2, 0, 0, 0, 0, 0, 0, 1, 0, 0, 0, 0, 0, 0, 0, 0, 0.0, 0, 0, 0, 0, 0, 0, 0, 0, 0, 0, 0),
(17, 15, '2023-04-15', '北京航空航天大学', 0, 4, 1, 1, 0, 0, 1, 0, 0, 0, 1, 0, 1, 0, 0, 0, 0, 0, 0, 0, 0, 0.0, 0, 0, 0, 0, 0, 0, 0, 0, 0, 0, 0),
(18, 18, '2023-04-15', '北京航空航天大学', 0, 3, 1, 1, 0, 0, 1, 0, 0, 0, 1, 0, 1, 0, 0, 0, 0, 0, 0, 0, 0, 0.0, 0, 0, 0, 0, 0, 0, 0, 0, 0, 0, 0),
(19, 21, '2023-04-15', '北京航空航天大学', 0, 3, 1, 1, 0, 0, 1, 1, 0, 0, 2, 0, 1, 0, 0, 0, 0, 0, 0, 0, 0, 0.0, 0, 0, 0, 0, 0, 0, 0, 0, 0, 0, 0),
(20, 22, '2023-04-15', '北京航空航天大学', 0, 3, 1, 1, 2, 0, 2, 1, 0, 0, 2, 0, 0, 0, 0, 0, 0, 0, 0, 0, 0, 0.0, 0, 0, 0, 0, 0, 0, 0, 0, 0, 0, 0),
(21, 20, '2023-04-15', '北京航空航天大学', 0, 3, 1, 2, 1, 0, 1, 0, 0, 0, 2, 0, 1, 0, 0, 0, 0, 0, 0, 0, 0, 0.0, 0, 0, 0, 0, 0, 0, 0, 0, 0, 0, 0),
(22, 7, '2023-04-15', '北京航空航天大学', 1, 0, 0, 0, 0, 0, 0, 0, 0, 0, 0, 0, 0, 0, 0, 0, 44, 31, 0, 0, 0, 2.0, 3, 2, 0, 0, 4, 0, 0, 0, 0, 0, 0),
(23, 16, '2023-04-15', '北京航空航天大学', 1, 0, 0, 0, 0, 0, 0, 0, 0, 0, 0, 0, 0, 0, 0, 0, 61, 38, 0, 0, 0, 3.0, 1, 3, 1, 2, 6, 0, 0, 0, 0, 0, 0),
(24, 14, '2023-04-16', '华北电力大学', 0, 0, 3, 0, 0, 3, 0, 0, 0, 0, 0, 0, 2, 0, 0, 0, 0, 0, 0, 0, 0, 0.0, 0, 0, 0, 0, 0, 0, 0, 0, 0, 0, 0),
(25, 7, '2023-04-16', '华北电力大学', 0, 3, 3, 3, 5, 0, 0, 0, 0, 1, 6, 0, 0, 0, 0, 0, 0, 0, 0, 0, 0, 0.0, 0, 0, 0, 0, 0, 0, 0, 0, 0, 0, 0),
(26, 16, '2023-04-16', '华北电力大学', 0, 2, 2, 1, 1, 0, 0, 0, 0, 0, 1, 1, 4, 1, 0, 0, 0, 0, 0, 0, 0, 0.0, 0, 0, 0, 0, 0, 0, 0, 0, 0, 0, 0),
(27, 17, '2023-04-16', '华北电力大学', 0, 2, 1, 1, 2, 1, 0, 0, 0, 0, 1, 0, 1, 0, 0, 0, 0, 0, 0, 0, 0, 0.0, 0, 0, 0, 0, 0, 0, 0, 0, 0, 0, 0),
(28, 15, '2023-04-16', '华北电力大学', 0, 0, 1, 0, 0, 1, 0, 0, 0, 0, 0, 1, 2, 0, 0, 0, 0, 0, 0, 0, 0, 0.0, 0, 0, 0, 0, 0, 0, 0, 0, 0, 0, 0),
(29, 18, '2023-04-16', '华北电力大学', 0, 0, 1, 0, 0, 1, 0, 0, 0, 0, 0, 1, 2, 0, 0, 0, 0, 0, 0, 0, 0, 0.0, 0, 0, 0, 0, 0, 0, 0, 0, 0, 0, 0),
(30, 21, '2023-04-16', '华北电力大学', 0, 1, 1, 1, 2, 1, 0, 0, 0, 0, 1, 0, 0, 0, 0, 0, 0, 0, 0, 0, 0, 0.0, 0, 0, 0, 0, 0, 0, 0, 0, 0, 0, 0),
(31, 23, '2023-04-16', '华北电力大学', 0, 0, 1, 0, 0, 2, 0, 0, 0, 0, 0, 0, 3, 1, 0, 0, 0, 0, 0, 0, 0, 0.0, 0, 0, 0, 0, 0, 0, 0, 0, 0, 0, 0),
(32, 20, '2023-04-16', '华北电力大学', 0, 1, 1, 1, 1, 0, 0, 0, 0, 0, 1, 0, 2, 0, 0, 0, 0, 0, 0, 0, 0, 0.0, 0, 0, 0, 0, 0, 0, 0, 0, 0, 0, 0),
(33, 7, '2023-04-16', '华北电力大学', 1, 0, 0, 0, 0, 0, 0, 0, 0, 0, 0, 0, 0, 0, 0, 0, 0, 0, 0, 0, 0, 2.0, 0, 0, 0, 2, 5, 0, 0, 0, 0, 0, 0),
(34, 14, '2023-04-01', '对外经济贸易大学', 0, 1, 0, 0, 0, 2, 0, 0, 0, 0, 0, 0, 0, 0, 0, 0, 0, 0, 0, 0, 0, 0.0, 0, 0, 0, 0, 0, 0, 0, 0, 0, 0, 0),
(35, 16, '2023-04-01', '对外经济贸易大学', 0, 2, 0, 0, 0, 0, 1, 0, 0, 0, 0, 0, 0, 0, 0, 0, 0, 0, 0, 0, 0, 0.0, 0, 0, 0, 0, 0, 0, 0, 0, 0, 0, 0),
(36, 17, '2023-04-01', '对外经济贸易大学', 0, 1, 1, 1, 0, 1, 0, 0, 0, 0, 1, 0, 1, 0, 0, 0, 0, 0, 0, 0, 0, 0.0, 0, 0, 0, 0, 0, 0, 0, 0, 0, 0, 0),
(37, 7, '2023-04-01', '对外经济贸易大学', 0, 1, 1, 0, 0, 1, 0, 0, 0, 0, 0, 0, 0, 0, 0, 0, 0, 0, 0, 0, 0, 0.0, 0, 0, 0, 0, 0, 0, 0, 0, 0, 0, 0),
(38, 20, '2023-04-01', '对外经济贸易大学', 0, 2, 0, 0, 0, 0, 2, 0, 0, 0, 0, 0, 0, 0, 0, 0, 0, 0, 0, 0, 0, 0.0, 0, 0, 0, 0, 0, 0, 0, 0, 0, 0, 0),
(39, 18, '2023-04-01', '对外经济贸易大学', 0, 2, 0, 0, 0, 0, 0, 0, 0, 0, 0, 0, 0, 0, 0, 0, 0, 0, 0, 0, 0, 0.0, 0, 0, 0, 0, 0, 0, 0, 0, 0, 0, 0),
(40, 23, '2023-04-01', '对外经济贸易大学', 0, 0, 0, 0, 0, 2, 0, 0, 0, 0, 0, 0, 0, 0, 0, 0, 0, 0, 0, 0, 0, 0.0, 0, 0, 0, 0, 0, 0, 0, 0, 0, 0, 0),
(41, 22, '2023-04-01', '对外经济贸易大学', 0, 2, 0, 0, 0, 0, 2, 0, 0, 0, 0, 0, 0, 0, 0, 0, 0, 0, 0, 0, 0, 0.0, 0, 0, 0, 0, 0, 0, 0, 0, 0, 0, 0),
(42, 7, '2023-04-01', '对外经济贸易大学', 1, 0, 0, 0, 0, 0, 0, 0, 0, 0, 0, 0, 0, 0, 0, 0, 0, 0, 11, 0, 0, 3.0, 0, 0, 0, 2, 9, 0, 0, 0, 0, 0, 0),
(43, 16, '2023-04-01', '对外经济贸易大学', 1, 0, 0, 0, 0, 0, 0, 0, 0, 0, 0, 0, 0, 0, 0, 0, 0, 0, 1, 0, 0, 1.1, 3, 5, 5, 3, 1, 0, 0, 0, 0, 1, 0),
(44, 13, '2024-11-09', '中国人民公安大学', 0, 4, 2, 2, 2, 0, 0, 1, 0, 0, 3, 0, 2, 0, 0, 0, 0, 0, 0, 0, 0, 0.0, 0, 0, 0, 0, 0, 0, 0, 0, 0, 0, 0),
(45, 8, '2024-11-09', '中国人民公安大学', 0, 1, 4, 1, 0, 2, 0, 0, 0, 0, 1, 1, 1, 0, 0, 0, 0, 0, 0, 0, 0, 0.0, 0, 0, 0, 0, 0, 0, 0, 0, 0, 0, 0),
(46, 9, '2024-11-09', '中国人民公安大学', 0, 0, 0, 0, 0, 0, 0, 0, 0, 0, 0, 0, 0, 0, 0, 0, 0, 0, 0, 0, 0, 0.0, 0, 0, 0, 0, 0, 0, 0, 0, 0, 0, 0),
(47, 7, '2024-11-09', '中国人民公安大学', 0, 4, 2, 3, 4, 0, 0, 0, 0, 1, 6, 0, 1, 0, 0, 0, 0, 0, 0, 0, 0, 0.0, 0, 0, 0, 0, 0, 0, 0, 0, 0, 0, 0),
(48, 17, '2024-11-09', '中国人民公安大学', 0, 3, 2, 1, 1, 1, 0, 0, 0, 0, 1, 0, 0, 0, 0, 0, 0, 0, 0, 0, 0, 0.0, 0, 0, 0, 0, 0, 0, 0, 0, 0, 0, 0),
(49, 10, '2024-11-09', '中国人民公安大学', 0, 2, 1, 1, 1, 0, 0, 0, 0, 0, 1, 0, 0, 0, 0, 0, 0, 0, 0, 0, 0, 0.0, 0, 0, 0, 0, 0, 0, 0, 0, 0, 0, 0),
(50, 25, '2024-11-09', '中国人民公安大学', 0, 1, 1, 1, 0, 0, 0, 0, 0, 0, 1, 0, 1, 0, 0, 0, 0, 0, 0, 0, 0, 0.0, 0, 0, 0, 0, 0, 0, 0, 0, 0, 0, 0),
(51, 15, '2024-11-09', '中国人民公安大学', 0, 1, 2, 1, 1, 1, 0, 0, 0, 0, 1, 0, 2, 0, 0, 0, 0, 0, 0, 0, 0, 0.0, 0, 0, 0, 0, 0, 0, 0, 0, 0, 0, 0),
(52, 26, '2024-11-09', '中国人民公安大学', 0, 1, 0, 0, 0, 0, 1, 0, 0, 0, 0, 0, 0, 0, 0, 0, 0, 0, 0, 0, 0, 0.0, 0, 0, 0, 0, 0, 0, 0, 0, 0, 0, 0),
(53, 27, '2024-11-09', '中国人民公安大学', 0, 2, 0, 0, 0, 0, 2, 0, 0, 0, 0, 0, 0, 0, 0, 0, 0, 0, 0, 0, 0, 0.0, 0, 0, 0, 0, 0, 0, 0, 0, 0, 0, 0),
(54, 28, '2024-11-09', '中国人民公安大学', 0, 1, 1, 1, 2, 0, 0, 1, 0, 0, 2, 0, 1, 0, 0, 0, 0, 0, 0, 0, 0, 0.0, 0, 0, 0, 0, 0, 0, 0, 0, 0, 0, 0),
(55, 18, '2024-11-09', '中国人民公安大学', 0, 0, 0, 0, 0, 0, 0, 0, 0, 0, 0, 0, 0, 0, 0, 0, 0, 0, 0, 0, 0, 0.0, 0, 0, 0, 0, 0, 0, 0, 0, 0, 0, 0),
(56, 12, '2024-11-09', '中国人民公安大学', 0, 2, 2, 2, 3, 1, 0, 1, 0, 0, 3, 0, 3, 0, 0, 0, 0, 0, 0, 0, 0, 0.0, 0, 0, 0, 0, 0, 0, 0, 0, 0, 0, 0),
(57, 29, '2024-11-09', '中国人民公安大学', 0, 0, 1, 0, 0, 1, 0, 0, 0, 0, 0, 1, 0, 0, 0, 0, 0, 0, 0, 0, 0, 0.0, 0, 0, 0, 0, 0, 0, 0, 0, 0, 0, 0),
(58, 14, '2024-11-09', '中国人民公安大学', 0, 0, 1, 0, 0, 1, 0, 0, 0, 0, 0, 0, 0, 0, 0, 0, 0, 0, 0, 0, 0, 0.0, 0, 0, 0, 0, 0, 0, 0, 0, 0, 0, 0),
(59, 7, '2024-11-09', '中国人民公安大学', 1, 0, 0, 0, 0, 0, 0, 0, 0, 0, 0, 0, 0, 0, 0, 0, 14, 9, 0, 0, 0, 1.0, 1, 0, 0, 0, 1, 0, 0, 0, 0, 0, 0),
(60, 28, '2024-11-09', '中国人民公安大学', 1, 0, 0, 0, 0, 0, 0, 0, 0, 0, 0, 0, 0, 0, 0, 0, 17, 12, 0, 0, 0, 1.2, 0, 0, 0, 0, 3, 0, 0, 0, 0, 0, 0),
(61, 18, '2024-11-09', '中国人民公安大学', 1, 0, 0, 0, 0, 0, 0, 0, 0, 0, 0, 0, 0, 0, 0, 0, 6, 3, 1, 0, 0, 0.1, 0, 0, 0, 0, 0, 0, 0, 0, 0, 0, 0),
(62, 13, '2024-11-16', '北京交通大学', 0, 5, 3, 3, 3, 0, 1, 1, 0, 1, 7, 0, 2, 0, 0, 0, 0, 0, 0, 0, 0, 0.0, 0, 0, 0, 0, 0, 0, 0, 0, 0, 0, 0),
(63, 8, '2024-11-16', '北京交通大学', 0, 2, 3, 1, 0, 1, 0, 0, 0, 0, 1, 0, 4, 0, 0, 0, 0, 0, 0, 0, 0, 0.0, 0, 0, 0, 0, 0, 0, 0, 0, 0, 0, 0),
(64, 7, '2024-11-16', '北京交通大学', 0, 4, 4, 3, 6, 1, 0, 2, 0, 0, 5, 0, 2, 0, 0, 0, 0, 0, 0, 0, 0, 0.0, 0, 0, 0, 0, 0, 0, 0, 0, 0, 0, 0),
(65, 25, '2024-11-16', '北京交通大学', 0, 4, 2, 3, 2, 0, 0, 0, 0, 0, 3, 0, 3, 0, 0, 0, 0, 0, 0, 0, 0, 0.0, 0, 0, 0, 0, 0, 0, 0, 0, 0, 0, 0),
(66, 9, '2024-11-16', '北京交通大学', 0, 4, 1, 2, 2, 0, 0, 0, 0, 0, 2, 0, 1, 0, 0, 0, 0, 0, 0, 0, 0, 0.0, 0, 0, 0, 0, 0, 0, 0, 0, 0, 0, 0),
(67, 12, '2024-11-16', '北京交通大学', 0, 3, 1, 1, 1, 0, 0, 1, 0, 0, 2, 0, 0, 0, 0, 0, 0, 0, 0, 0, 0, 0.0, 0, 0, 0, 0, 0, 0, 0, 0, 0, 0, 0),
(68, 28, '2024-11-16', '北京交通大学', 0, 0, 0, 0, 0, 0, 0, 0, 0, 0, 0, 0, 0, 0, 0, 0, 0, 0, 0, 0, 0, 0.0, 0, 0, 0, 0, 0, 0, 0, 0, 0, 0, 0),
(69, 28, '2024-11-16', '北京交通大学', 0, 0, 0, 0, 0, 0, 0, 0, 0, 0, 0, 0, 0, 0, 0, 0, 0, 0, 0, 0, 0, 0.0, 0, 0, 0, 0, 0, 0, 0, 0, 0, 0, 0),
(70, 17, '2024-11-16', '北京交通大学', 0, 3, 2, 1, 2, 0, 1, 1, 0, 0, 2, 0, 0, 0, 0, 0, 0, 0, 0, 0, 0, 0.0, 0, 0, 0, 0, 0, 0, 0, 0, 0, 0, 0),
(71, 15, '2024-11-16', '北京交通大学', 0, 3, 2, 0, 0, 0, 0, 0, 0, 0, 0, 0, 1, 0, 0, 0, 0, 0, 0, 0, 0, 0.0, 0, 0, 0, 0, 0, 0, 0, 0, 0, 0, 0),
(72, 14, '2024-11-16', '北京交通大学', 0, 1, 2, 1, 1, 1, 0, 1, 0, 0, 2, 0, 1, 0, 0, 0, 0, 0, 0, 0, 0, 0.0, 0, 0, 0, 0, 0, 0, 0, 0, 0, 0, 0),
(73, 7, '2024-11-16', '北京交通大学', 1, 0, 0, 0, 0, 0, 0, 0, 0, 0, 0, 0, 0, 0, 0, 0, 45, 24, 0, 0, 0, 2.0, 2, 3, 0, 2, 1, 0, 0, 0, 1, 0, 0),
(74, 28, '2024-11-16', '北京交通大学', 1, 0, 0, 0, 0, 0, 0, 0, 0, 0, 0, 0, 0, 0, 0, 0, 11, 8, 0, 0, 0, 0.1, 4, 4, 4, 0, 0, 1, 0, 0, 0, 0, 0),
(75, 18, '2024-11-16', '北京交通大学', 1, 0, 0, 0, 0, 0, 0, 0, 0, 0, 0, 0, 0, 0, 0, 0, 15, 7, 0, 0, 0, 0.2, 1, 0, 0, 1, 1, 0, 0, 0, 0, 0, 0),
(76, 13, '2024-10-27', '北京石油化工学院', 0, 2, 2, 2, 1, 1, 0, 0, 0, 0, 2, 0, 1, 0, 0, 0, 0, 0, 0, 0, 0, 0.0, 0, 0, 0, 0, 0, 0, 0, 0, 0, 0, 0),
(77, 8, '2024-10-27', '北京石油化工学院', 0, 2, 3, 1, 0, 1, 0, 0, 0, 0, 1, 0, 4, 0, 0, 0, 0, 0, 0, 0, 0, 0.0, 0, 0, 0, 0, 0, 0, 0, 0, 0, 0, 0),
(78, 7, '2024-10-27', '北京石油化工学院', 0, 1, 3, 1, 2, 2, 0, 0, 0, 1, 4, 0, 2, 0, 0, 0, 0, 0, 0, 0, 0, 0.0, 0, 0, 0, 0, 0, 0, 0, 0, 0, 0, 0),
(79, 25, '2024-10-27', '北京石油化工学院', 0, 2, 2, 1, 2, 1, 0, 0, 0, 0, 1, 0, 1, 0, 0, 0, 0, 0, 0, 0, 0, 0.0, 0, 0, 0, 0, 0, 0, 0, 0, 0, 0, 0),
(80, 9, '2024-10-27', '北京石油化工学院', 0, 2, 2, 0, 2, 1, 0, 0, 0, 0, 0, 0, 2, 0, 0, 0, 0, 0, 0, 0, 0, 0.0, 0, 0, 0, 0, 0, 0, 0, 0, 0, 0, 0),
(81, 15, '2024-10-27', '北京石油化工学院', 0, 2, 1, 2, 3, 1, 0, 0, 0, 0, 2, 0, 3, 0, 0, 0, 0, 0, 0, 0, 0, 0.0, 0, 0, 0, 0, 0, 0, 0, 0, 0, 0, 0),
(82, 14, '2024-10-27', '北京石油化工学院', 0, 1, 2, 0, 0, 2, 0, 0, 0, 0, 0, 0, 1, 0, 0, 0, 0, 0, 0, 0, 0, 0.0, 0, 0, 0, 0, 0, 0, 0, 0, 0, 0, 0),
(83, 10, '2024-10-27', '北京石油化工学院', 0, 2, 2, 1, 3, 0, 0, 0, 0, 0, 1, 0, 3, 0, 0, 0, 0, 0, 0, 0, 0, 0.0, 0, 0, 0, 0, 0, 0, 0, 0, 0, 0, 0),
(84, 18, '2024-10-27', '北京石油化工学院', 0, 1, 0, 0, 0, 1, 1, 0, 0, 0, 0, 0, 0, 1, 0, 0, 0, 0, 0, 0, 0, 0.0, 0, 0, 0, 0, 0, 0, 0, 0, 0, 0, 0),
(85, 7, '2024-10-27', '北京石油化工学院', 1, 0, 0, 0, 0, 0, 0, 0, 0, 0, 0, 0, 0, 0, 0, 0, 16, 9, 0, 0, 0, 1.0, 0, 0, 0, 0, 2, 0, 0, 0, 0, 0, 0),
(86, 9, '2024-10-27', '北京石油化工学院', 1, 0, 0, 0, 0, 0, 0, 0, 0, 0, 0, 0, 0, 0, 0, 0, 22, 11, 0, 0, 0, 1.0, 1, 1, 1, 2, 2, 1, 0, 0, 1, 0, 0),
(87, 13, '2024-11-10', '对外经济贸易大学', 0, 3, 4, 3, 1, 1, 0, 0, 0, 1, 6, 0, 2, 1, 0, 0, 0, 0, 0, 0, 0, 0.0, 0, 0, 0, 0, 0, 0, 0, 0, 0, 0, 0),
(88, 8, '2024-11-10', '对外经济贸易大学', 0, 2, 2, 1, 0, 1, 1, 0, 0, 0, 1, 0, 2, 0, 0, 0, 0, 0, 0, 0, 0, 0.0, 0, 0, 0, 0, 0, 0, 0, 0, 0, 0, 0),
(89, 7, '2024-11-10', '对外经济贸易大学', 0, 3, 3, 3, 3, 1, 0, 1, 0, 1, 7, 0, 1, 0, 0, 0, 0, 0, 0, 0, 0, 0.0, 0, 0, 0, 0, 0, 0, 0, 0, 0, 0, 0),
(90, 25, '2024-11-10', '对外经济贸易大学', 0, 4, 2, 1, 1, 0, 2, 0, 0, 1, 4, 0, 0, 0, 0, 0, 0, 0, 0, 0, 0, 0.0, 0, 0, 0, 0, 0, 0, 0, 0, 0, 0, 0),
(91, 9, '2024-11-10', '对外经济贸易大学', 0, 2, 3, 2, 2, 2, 0, 1, 0, 0, 3, 0, 2, 0, 0, 0, 0, 0, 0, 0, 0, 0.0, 0, 0, 0, 0, 0, 0, 0, 0, 0, 0, 0),
(92, 12, '2024-11-10', '对外经济贸易大学', 0, 2, 0, 1, 1, 0, 1, 0, 0, 0, 1, 0, 0, 0, 0, 0, 0, 0, 0, 0, 0, 0.0, 0, 0, 0, 0, 0, 0, 0, 0, 0, 0, 0),
(93, 28, '2024-11-10', '对外经济贸易大学', 0, 2, 1, 0, 0, 0, 0, 0, 0, 0, 0, 0, 0, 0, 0, 0, 0, 0, 0, 0, 0, 0.0, 0, 0, 0, 0, 0, 0, 0, 0, 0, 0, 0),
(94, 17, '2024-11-10', '对外经济贸易大学', 0, 2, 2, 1, 2, 1, 1, 0, 0, 1, 4, 1, 1, 0, 0, 0, 0, 0, 0, 0, 0, 0.0, 0, 0, 0, 0, 0, 0, 0, 0, 0, 0, 0),
(95, 15, '2024-11-10', '对外经济贸易大学', 0, 4, 0, 0, 0, 0, 3, 0, 0, 0, 0, 0, 0, 1, 0, 0, 0, 0, 0, 0, 0, 0.0, 0, 0, 0, 0, 0, 0, 0, 0, 0, 0, 0),
(96, 14, '2024-11-10', '对外经济贸易大学', 0, 3, 0, 1, 0, 0, 1, 0, 0, 0, 1, 0, 0, 0, 0, 0, 0, 0, 0, 0, 0, 0.0, 0, 0, 0, 0, 0, 0, 0, 0, 0, 0, 0),
(97, 7, '2024-11-10', '对外经济贸易大学', 1, 0, 0, 0, 0, 0, 0, 0, 0, 0, 0, 0, 0, 0, 0, 0, 30, 20, 0, 0, 0, 2.0, 1, 0, 0, 0, 4, 0, 0, 0, 1, 0, 0),
(98, 28, '2024-11-10', '对外经济贸易大学', 1, 0, 0, 0, 0, 0, 0, 0, 0, 0, 0, 0, 0, 0, 0, 0, 36, 27, 0, 0, 0, 2.0, 5, 4, 3, 0, 0, 0, 0, 0, 0, 0, 0),
(99, 13, '2024-11-23', '清华大学', 0, 4, 4, 4, 3, 0, 0, 1, 0, 1, 8, 0, 3, 8, 0, 0, 0, 0, 0, 0, 0, 0.0, 0, 0, 0, 0, 0, 0, 0, 0, 0, 0, 0),
(100, 8, '2024-11-23', '清华大学', 0, 3, 2, 0, 1, 1, 0, 0, 0, 0, 0, 0, 1, 0, 0, 0, 0, 0, 0, 0, 0, 0.0, 0, 0, 0, 0, 0, 0, 0, 0, 0, 0, 0),
(101, 7, '2024-11-23', '清华大学', 0, 2, 4, 2, 4, 2, 0, 0, 0, 2, 8, 0, 0, 0, 0, 0, 0, 0, 0, 0, 0, 0.0, 0, 0, 0, 0, 0, 0, 0, 0, 0, 0, 0),
(102, 25, '2024-11-23', '清华大学', 0, 2, 3, 2, 2, 2, 0, 0, 0, 0, 2, 0, 5, 2, 0, 0, 0, 0, 0, 0, 0, 0.0, 0, 0, 0, 0, 0, 0, 0, 0, 0, 0, 0),
(103, 9, '2024-11-23', '清华大学', 0, 3, 0, 0, 0, 1, 1, 0, 0, 0, 0, 0, 1, 1, 0, 0, 0, 0, 0, 0, 0, 0.0, 0, 0, 0, 0, 0, 0, 0, 0, 0, 0, 0),
(104, 17, '2024-11-23', '清华大学', 0, 3, 1, 0, 1, 1, 2, 0, 0, 0, 0, 0, 1, 0, 0, 0, 0, 0, 0, 0, 0, 0.0, 0, 0, 0, 0, 0, 0, 0, 0, 0, 0, 0),
(105, 15, '2024-11-23', '清华大学', 0, 3, 0, 1, 1, 0, 2, 0, 0, 0, 1, 0, 0, 1, 0, 0, 0, 0, 0, 0, 0, 0.0, 0, 0, 0, 0, 0, 0, 0, 0, 0, 0, 0),
(106, 28, '2024-11-23', '清华大学', 0, 3, 1, 1, 0, 0, 0, 0, 0, 0, 1, 0, 2, 1, 0, 0, 0, 0, 0, 0, 0, 0.0, 0, 0, 0, 0, 0, 0, 0, 0, 0, 0, 0),
(107, 10, '2024-11-23', '清华大学', 0, 1, 1, 0, 0, 0, 0, 0, 0, 0, 0, 1, 0, 0, 0, 0, 0, 0, 0, 0, 0, 0.0, 0, 0, 0, 0, 0, 0, 0, 0, 0, 0, 0),
(108, 18, '2024-11-23', '清华大学', 0, 1, 0, 0, 0, 0, 0, 0, 0, 0, 0, 0, 0, 0, 0, 0, 0, 0, 0, 0, 0, 0.0, 0, 0, 0, 0, 0, 0, 0, 0, 0, 0, 0),
(109, 7, '2024-11-23', '清华大学', 1, 0, 0, 0, 0, 0, 0, 0, 0, 0, 0, 0, 0, 0, 0, 0, 61, 29, 15, 0, 0, 2.1, 2, 4, 2, 3, 0, 0, 0, 0, 1, 0, 0),
(110, 9, '2024-11-23', '清华大学', 1, 0, 0, 0, 0, 0, 0, 0, 0, 0, 0, 0, 0, 0, 0, 0, 0, 0, 0, 0, 0, 1.0, 3, 7, 3, 4, 1, 0, 0, 0, 0, 0, 1),
(111, 18, '2024-11-23', '清华大学', 1, 0, 0, 0, 0, 0, 0, 0, 0, 0, 0, 0, 0, 0, 0, 0, 17, 6, 0, 0, 0, 0.2, 0, 0, 0, 2, 0, 0, 0, 0, 0, 0, 0),
(112, 13, '2024-11-10', '首都经济贸易大学', 0, 4, 2, 2, 4, 0, 1, 0, 0, 1, 5, 0, 0, 5, 0, 0, 0, 0, 0, 0, 0, 0.0, 0, 0, 0, 0, 0, 0, 0, 0, 0, 0, 0),
(113, 8, '2024-11-10', '首都经济贸易大学', 0, 1, 2, 0, 0, 2, 1, 0, 0, 0, 0, 1, 0, 0, 0, 0, 0, 0, 0, 0, 0, 0.0, 0, 0, 0, 0, 0, 0, 0, 0, 0, 0, 0),
(114, 7, '2024-11-10', '首都经济贸易大学', 0, 4, 2, 1, 4, 0, 1, 0, 0, 1, 4, 0, 0, 4, 0, 0, 0, 0, 0, 0, 0, 0.0, 0, 0, 0, 0, 0, 0, 0, 0, 0, 0, 0),
(115, 25, '2024-11-10', '首都经济贸易大学', 0, 2, 1, 1, 0, 2, 1, 0, 0, 0, 1, 0, 0, 0, 0, 0, 0, 0, 0, 0, 0, 0.0, 0, 0, 0, 0, 0, 0, 0, 0, 0, 0, 0),
(116, 9, '2024-11-10', '首都经济贸易大学', 0, 3, 0, 0, 0, 1, 2, 0, 0, 0, 0, 0, 0, 0, 0, 0, 0, 0, 0, 0, 0, 0.0, 0, 0, 0, 0, 0, 0, 0, 0, 0, 0, 0),
(117, 12, '2024-11-10', '首都经济贸易大学', 0, 0, 0, 0, 0, 0, 0, 0, 0, 0, 0, 1, 0, 0, 0, 0, 0, 0, 0, 0, 0, 0.0, 0, 0, 0, 0, 0, 0, 0, 0, 0, 0, 0),
(118, 28, '2024-11-10', '首都经济贸易大学', 0, 3, 0, 1, 1, 0, 2, 0, 0, 0, 1, 0, 0, 0, 0, 0, 0, 0, 0, 0, 0, 0.0, 0, 0, 0, 0, 0, 0, 0, 0, 0, 0, 0),
(119, 17, '2024-11-10', '首都经济贸易大学', 0, 3, 1, 1, 0, 1, 2, 0, 0, 0, 1, 0, 0, 0, 0, 0, 0, 0, 0, 0, 0, 0.0, 0, 0, 0, 0, 0, 0, 0, 0, 0, 0, 0),
(120, 15, '2024-11-10', '首都经济贸易大学', 0, 2, 3, 1, 0, 2, 0, 0, 0, 0, 1, 0, 0, 0, 0, 0, 0, 0, 0, 0, 0, 0.0, 0, 0, 0, 0, 0, 0, 0, 0, 0, 0, 0),
(121, 14, '2024-11-10', '首都经济贸易大学', 0, 0, 3, 0, 0, 3, 0, 0, 0, 0, 0, 0, 0, 0, 0, 0, 0, 0, 0, 0, 0, 0.0, 0, 0, 0, 0, 0, 0, 0, 0, 0, 0, 0),
(122, 10, '2024-11-10', '首都经济贸易大学', 0, 1, 0, 0, 0, 1, 1, 0, 0, 0, 0, 0, 0, 1, 0, 0, 0, 0, 0, 0, 0, 0.0, 0, 0, 0, 0, 0, 0, 0, 0, 0, 0, 0),
(123, 7, '2024-11-10', '首都经济贸易大学', 1, 0, 0, 0, 0, 0, 0, 0, 0, 0, 0, 0, 0, 0, 0, 0, 48, 30, 0, 0, 0, 3.0, 2, 1, 0, 1, 4, 0, 0, 0, 1, 0, 0),
(124, 28, '2024-11-10', '首都经济贸易大学', 1, 0, 0, 0, 0, 0, 0, 0, 0, 0, 0, 0, 0, 0, 0, 0, 38, 25, 0, 0, 0, 2.0, 3, 1, 0, 1, 2, 0, 0, 0, 0, 0, 0),
(126, 13, '2024-10-20', '首都经济贸易大学', 0, 1, 3, 0, 0, 2, 0, 0, 0, 0, 0, 0, 0, 0, 0, 0, 0, 0, 0, 0, 0, 0.0, 0, 0, 0, 0, 0, 0, 0, 0, 0, 0, 0),
(127, 7, '2024-10-20', '首都经济贸易大学', 0, 3, 1, 0, 2, 0, 2, 0, 0, 0, 0, 0, 0, 0, 0, 0, 0, 0, 0, 0, 0, 0.0, 0, 0, 0, 0, 0, 0, 0, 0, 0, 0, 0),
(128, 9, '2024-10-20', '首都经济贸易大学', 0, 3, 0, 1, 1, 0, 1, 0, 0, 0, 1, 0, 0, 0, 0, 0, 0, 0, 0, 0, 0, 0.0, 0, 0, 0, 0, 0, 0, 0, 0, 0, 0, 0),
(129, 25, '2024-10-20', '首都经济贸易大学', 0, 2, 1, 0, 0, 1, 1, 0, 0, 0, 0, 0, 0, 0, 0, 0, 0, 0, 0, 0, 0, 0.0, 0, 0, 0, 0, 0, 0, 0, 0, 0, 0, 0),
(130, 28, '2024-10-20', '首都经济贸易大学', 0, 2, 0, 0, 0, 0, 2, 0, 0, 0, 0, 0, 0, 0, 0, 0, 0, 0, 0, 0, 0, 0.0, 0, 0, 0, 0, 0, 0, 0, 0, 0, 0, 0),
(131, 17, '2024-10-20', '首都经济贸易大学', 0, 1, 0, 0, 0, 1, 1, 0, 0, 0, 0, 0, 0, 0, 0, 0, 0, 0, 0, 0, 0, 0.0, 0, 0, 0, 0, 0, 0, 0, 0, 0, 0, 0),
(132, 8, '2024-10-20', '首都经济贸易大学', 0, 2, 0, 1, 0, 0, 0, 0, 0, 0, 1, 0, 0, 0, 0, 0, 0, 0, 0, 0, 0, 0.0, 0, 0, 0, 0, 0, 0, 0, 0, 0, 0, 0),
(133, 10, '2024-10-20', '首都经济贸易大学', 0, 2, 0, 0, 0, 0, 2, 0, 0, 0, 0, 0, 0, 0, 0, 0, 0, 0, 0, 0, 0, 0.0, 0, 0, 0, 0, 0, 0, 0, 0, 0, 0, 0),
(134, 18, '2024-10-20', '首都经济贸易大学', 0, 0, 2, 0, 0, 2, 0, 0, 0, 0, 0, 0, 0, 0, 0, 0, 0, 0, 0, 0, 0, 0.0, 0, 0, 0, 0, 0, 0, 0, 0, 0, 0, 0),
(135, 9, '2024-10-20', '首都经济贸易大学', 1, 0, 0, 0, 0, 0, 0, 0, 0, 0, 0, 0, 0, 0, 0, 0, 0, 0, 0, 0, 0, 1.0, 2, 8, 6, 9, 1, 0, 0, 0, 0, 0, 0),
(136, 7, '2024-10-20', '首都经济贸易大学', 1, 0, 0, 0, 0, 0, 0, 0, 0, 0, 0, 0, 0, 0, 0, 0, 0, 0, 0, 0, 0, 3.0, 2, 1, 0, 3, 6, 0, 0, 0, 0, 0, 0),
(137, 13, '2025-10-18', '中国地质大学', 0, 2, 3, 2, 1, 0, 0, 1, 0, 0, 3, 1, 2, 0, 0, 0, 0, 0, 0, 0, 0, 0.0, 0, 0, 0, 0, 0, 0, 0, 0, 0, 0, 0),
(138, 28, '2025-10-18', '中国地质大学', 0, 2, 3, 2, 1, 1, 0, 1, 0, 0, 3, 0, 1, 0, 0, 0, 0, 0, 0, 0, 0, 0.0, 0, 0, 0, 0, 0, 0, 0, 0, 0, 0, 0),
(139, 8, '2025-10-18', '中国地质大学', 0, 2, 2, 0, 2, 0, 0, 0, 0, 0, 0, 0, 2, 0, 0, 0, 0, 0, 0, 0, 0, 0.0, 0, 0, 0, 0, 0, 0, 0, 0, 0, 0, 0),
(140, 33, '2025-10-18', '中国地质大学', 0, 1, 0, 1, 1, 0, 0, 0, 0, 0, 1, 0, 0, 0, 0, 0, 0, 0, 0, 0, 0, 0.0, 0, 0, 0, 0, 0, 0, 0, 0, 0, 0, 0),
(141, 9, '2025-10-18', '中国地质大学', 0, 3, 2, 2, 2, 0, 0, 0, 0, 0, 2, 0, 4, 0, 0, 0, 0, 0, 0, 0, 0, 0.0, 0, 0, 0, 0, 0, 0, 0, 0, 0, 0, 0),
(142, 12, '2025-10-18', '中国地质大学', 0, 1, 1, 0, 0, 1, 0, 0, 0, 0, 0, 0, 2, 0, 0, 0, 0, 0, 0, 0, 0, 0.0, 0, 0, 0, 0, 0, 0, 0, 0, 0, 0, 0),
(143, 21, '2025-10-18', '中国地质大学', 0, 0, 0, 0, 1, 1, 0, 0, 0, 0, 0, 0, 0, 0, 0, 0, 0, 0, 0, 0, 0, 0.0, 0, 0, 0, 0, 0, 0, 0, 0, 0, 0, 0),
(144, 17, '2025-10-18', '中国地质大学', 0, 2, 1, 2, 2, 0, 0, 2, 0, 0, 4, 0, 2, 0, 0, 0, 0, 0, 0, 0, 0, 0.0, 0, 0, 0, 0, 0, 0, 0, 0, 0, 0, 0),
(145, 14, '2025-10-18', '中国地质大学', 0, 1, 0, 0, 0, 0, 1, 0, 0, 0, 0, 0, 0, 0, 0, 0, 0, 0, 0, 0, 0, 0.0, 0, 0, 0, 0, 0, 0, 0, 0, 0, 0, 0),
(146, 34, '2025-10-18', '中国地质大学', 0, 2, 0, 0, 0, 0, 0, 0, 0, 0, 0, 0, 0, 0, 0, 0, 0, 0, 0, 0, 0, 0.0, 0, 0, 0, 0, 0, 0, 0, 0, 0, 0, 0),
(147, 15, '2025-10-18', '中国地质大学', 1, 0, 0, 0, 0, 0, 0, 0, 0, 0, 0, 0, 0, 0, 0, 0, 0, 0, 8, 0, 0, 1.1, 0, 2, 2, 4, 3, 0, 0, 0, 0, 0, 0),
(148, 18, '2025-10-18', '中国地质大学', 1, 0, 0, 0, 0, 0, 0, 0, 0, 0, 0, 0, 0, 0, 0, 0, 0, 0, 3, 0, 0, 0.2, 0, 0, 0, 1, 2, 0, 0, 0, 0, 0, 0),
(149, 28, '2025-10-18', '中国地质大学', 1, 0, 0, 0, 0, 0, 0, 0, 0, 0, 0, 0, 0, 0, 0, 0, 0, 0, 0, 0, 0, 1.0, 1, 0, 0, 0, 2, 0, 0, 0, 0, 0, 0),
(150, 13, '2025-11-16', '北京物资学院', 0, 4, 0, 2, 3, 1, 1, 1, 0, 0, 3, 0, 0, 0, 0, 0, 0, 0, 0, 0, 0, 0.0, 0, 0, 0, 0, 0, 0, 0, 0, 0, 0, 0),
(151, 28, '2025-11-16', '北京物资学院', 0, 3, 1, 1, 1, 1, 2, 0, 0, 0, 1, 0, 4, 0, 0, 0, 0, 0, 0, 0, 0, 0.0, 0, 0, 0, 0, 0, 0, 0, 0, 0, 0, 0),
(152, 8, '2025-11-16', '北京物资学院', 0, 2, 1, 0, 1, 1, 0, 0, 0, 0, 0, 0, 0, 0, 0, 0, 0, 0, 0, 0, 0, 0.0, 0, 0, 0, 0, 0, 0, 0, 0, 0, 0, 0),
(153, 33, '2025-11-16', '北京物资学院', 0, 2, 2, 1, 0, 0, 1, 0, 0, 0, 1, 0, 3, 0, 0, 0, 0, 0, 0, 0, 0, 0.0, 0, 0, 0, 0, 0, 0, 0, 0, 0, 0, 0),
(154, 9, '2025-11-16', '北京物资学院', 0, 3, 3, 0, 0, 0, 1, 0, 0, 0, 0, 1, 0, 0, 0, 0, 0, 0, 0, 0, 0, 0.0, 0, 0, 0, 0, 0, 0, 0, 0, 0, 0, 0),
(155, 10, '2025-11-16', '北京物资学院', 0, 3, 2, 1, 2, 1, 1, 0, 0, 0, 1, 0, 0, 0, 0, 0, 0, 0, 0, 0, 0, 0.0, 0, 0, 0, 0, 0, 0, 0, 0, 0, 0, 0),
(156, 34, '2025-11-16', '北京物资学院', 0, 3, 2, 1, 1, 1, 1, 1, 0, 0, 2, 0, 0, 0, 0, 0, 0, 0, 0, 0, 0, 0.0, 0, 0, 0, 0, 0, 0, 0, 0, 0, 0, 0),
(157, 17, '2025-11-16', '北京物资学院', 0, 1, 2, 0, 0, 2, 0, 0, 0, 0, 0, 0, 1, 0, 0, 0, 0, 0, 0, 0, 0, 0.0, 0, 0, 0, 0, 0, 0, 0, 0, 0, 0, 0),
(158, 14, '2025-11-16', '北京物资学院', 0, 0, 1, 0, 1, 2, 0, 0, 0, 0, 0, 0, 0, 0, 0, 0, 0, 0, 0, 0, 0, 0.0, 0, 0, 0, 0, 0, 0, 0, 0, 0, 0, 0),
(159, 15, '2025-11-16', '北京物资学院', 0, 1, 0, 0, 1, 1, 0, 0, 0, 0, 0, 0, 0, 0, 0, 0, 0, 0, 0, 0, 0, 0.0, 0, 0, 0, 0, 0, 0, 0, 0, 0, 0, 0),
(160, 28, '2025-11-16', '北京物资学院', 1, 0, 0, 0, 0, 0, 0, 0, 0, 0, 0, 0, 0, 0, 0, 0, 58, 36, 0, 0, 0, 3.0, 3, 2, 1, 1, 5, 0, 0, 0, 0, 0, 0),
(161, 15, '2025-11-16', '北京物资学院', 1, 0, 0, 0, 0, 0, 0, 0, 0, 0, 0, 0, 0, 0, 0, 0, 54, 26, 12, 0, 0, 2.0, 2, 4, 3, 4, 2, 0, 0, 0, 1, 0, 0),
(162, 13, '2025-11-15', '北京科技大学', 0, 3, 2, 3, 3, 0, 0, 3, 0, 0, 6, 0, 1, 0, 0, 0, 0, 0, 0, 0, 0, 0.0, 0, 0, 0, 0, 0, 0, 0, 0, 0, 0, 0),
(163, 28, '2025-11-15', '北京科技大学', 0, 1, 2, 0, 1, 2, 0, 0, 0, 0, 0, 0, 2, 0, 0, 0, 0, 0, 0, 0, 0, 0.0, 0, 0, 0, 0, 0, 0, 0, 0, 0, 0, 0),
(164, 8, '2025-11-15', '北京科技大学', 0, 3, 1, 1, 1, 0, 1, 0, 0, 0, 1, 0, 1, 0, 0, 0, 0, 0, 0, 0, 0, 0.0, 0, 0, 0, 0, 0, 0, 0, 0, 0, 0, 0),
(165, 33, '2025-11-15', '北京科技大学', 0, 1, 2, 1, 2, 1, 0, 0, 0, 0, 1, 1, 3, 0, 0, 0, 0, 0, 0, 0, 0, 0.0, 0, 0, 0, 0, 0, 0, 0, 0, 0, 0, 0),
(166, 15, '2025-11-15', '北京科技大学', 0, 0, 0, 0, 0, 0, 0, 0, 0, 0, 0, 0, 0, 0, 0, 0, 0, 0, 0, 0, 0, 0.0, 0, 0, 0, 0, 0, 0, 0, 0, 0, 0, 0),
(167, 9, '2025-11-15', '北京科技大学', 0, 2, 2, 1, 2, 1, 0, 1, 0, 0, 2, 0, 1, 0, 0, 0, 0, 0, 0, 0, 0, 0.0, 0, 0, 0, 0, 0, 0, 0, 0, 0, 0, 0),
(168, 10, '2025-11-15', '北京科技大学', 0, 1, 2, 1, 1, 1, 0, 0, 0, 0, 1, 0, 2, 0, 0, 0, 0, 0, 0, 0, 0, 0.0, 0, 0, 0, 0, 0, 0, 0, 0, 0, 0, 0),
(169, 34, '2025-11-15', '北京科技大学', 0, 1, 1, 0, 1, 1, 1, 0, 0, 0, 0, 0, 0, 0, 0, 0, 0, 0, 0, 0, 0, 0.0, 0, 0, 0, 0, 0, 0, 0, 0, 0, 0, 0),
(170, 17, '2025-11-15', '北京科技大学', 0, 0, 2, 0, 1, 2, 0, 0, 0, 0, 0, 0, 2, 0, 0, 0, 0, 0, 0, 0, 0, 0.0, 0, 0, 0, 0, 0, 0, 0, 0, 0, 0, 0),
(171, 14, '2025-11-15', '北京科技大学', 0, 0, 0, 0, 0, 0, 0, 0, 0, 0, 0, 0, 0, 0, 0, 0, 0, 0, 0, 0, 0, 0.0, 0, 0, 0, 0, 0, 0, 0, 0, 0, 0, 0),
(172, 12, '2025-11-15', '北京科技大学', 0, 1, 1, 0, 1, 1, 1, 0, 0, 0, 0, 0, 0, 0, 0, 0, 0, 0, 0, 0, 0, 0.0, 0, 0, 0, 0, 0, 0, 0, 0, 0, 0, 0),
(173, 36, '2025-11-15', '北京科技大学', 0, 0, 0, 0, 0, 0, 0, 0, 0, 0, 0, 0, 0, 0, 0, 0, 0, 0, 0, 0, 0, 0.0, 0, 0, 0, 0, 0, 0, 0, 0, 0, 0, 0),
(174, 28, '2025-11-15', '北京科技大学', 1, 0, 0, 0, 0, 0, 0, 0, 0, 0, 0, 0, 0, 0, 0, 0, 27, 17, 0, 0, 0, 1.0, 1, 0, 0, 0, 3, 0, 0, 0, 1, 0, 0),
(175, 15, '2025-11-15', '北京科技大学', 1, 0, 0, 0, 0, 0, 0, 0, 0, 0, 0, 0, 0, 0, 0, 0, 16, 10, 0, 0, 0, 1.0, 0, 0, 0, 0, 3, 0, 0, 0, 0, 0, 0),
(176, 13, '2025-10-19', '北邮世纪学院', 0, 4, 2, 2, 0, 0, 0, 1, 0, 0, 3, 0, 0, 0, 0, 0, 0, 0, 0, 0, 0, 0.0, 0, 0, 0, 0, 0, 0, 0, 0, 0, 0, 0),
(177, 14, '2025-10-19', '北邮世纪学院', 0, 3, 3, 1, 1, 0, 0, 0, 0, 0, 1, 0, 1, 0, 0, 0, 0, 0, 0, 0, 0, 0.0, 0, 0, 0, 0, 0, 0, 0, 0, 0, 0, 0),
(178, 8, '2025-10-19', '北邮世纪学院', 0, 2, 2, 2, 6, 0, 0, 0, 0, 2, 8, 0, 0, 0, 0, 0, 0, 0, 0, 0, 0, 0.0, 0, 0, 0, 0, 0, 0, 0, 0, 0, 0, 0),
(179, 28, '2025-10-19', '北邮世纪学院', 0, 1, 0, 0, 0, 0, 0, 0, 0, 0, 0, 0, 0, 0, 0, 0, 0, 0, 0, 0, 0, 0.0, 0, 0, 0, 0, 0, 0, 0, 0, 0, 0, 0),
(180, 10, '2025-10-19', '北邮世纪学院', 0, 0, 2, 0, 0, 1, 0, 0, 0, 0, 0, 1, 0, 0, 0, 0, 0, 0, 0, 0, 0, 0.0, 0, 0, 0, 0, 0, 0, 0, 0, 0, 0, 0),
(181, 36, '2025-10-19', '北邮世纪学院', 0, 1, 1, 1, 1, 0, 0, 0, 0, 0, 1, 0, 2, 0, 0, 0, 0, 0, 0, 0, 0, 0.0, 0, 0, 0, 0, 0, 0, 0, 0, 0, 0, 0),
(182, 12, '2025-10-19', '北邮世纪学院', 0, 0, 2, 0, 0, 3, 0, 0, 0, 0, 0, 0, 1, 0, 0, 0, 0, 0, 0, 0, 0, 0.0, 0, 0, 0, 0, 0, 0, 0, 0, 0, 0, 0),
(183, 29, '2025-10-19', '北邮世纪学院', 0, 2, 2, 1, 2, 1, 0, 0, 0, 0, 1, 0, 1, 0, 0, 0, 0, 0, 0, 0, 0, 0.0, 0, 0, 0, 0, 0, 0, 0, 0, 0, 0, 0),
(184, 21, '2025-10-19', '北邮世纪学院', 0, 2, 0, 1, 1, 0, 1, 0, 0, 0, 1, 0, 0, 0, 0, 0, 0, 0, 0, 0, 0, 0.0, 0, 0, 0, 0, 0, 0, 0, 0, 0, 0, 0),
(185, 38, '2025-10-19', '北邮世纪学院', 0, 0, 1, 0, 0, 1, 0, 0, 0, 0, 0, 0, 0, 0, 0, 0, 0, 0, 0, 0, 0, 0.0, 0, 0, 0, 0, 0, 0, 0, 0, 0, 0, 0),
(186, 34, '2025-10-19', '北邮世纪学院', 0, 2, 1, 1, 4, 1, 0, 0, 0, 1, 4, 0, 1, 0, 0, 0, 0, 0, 0, 0, 0, 0.0, 0, 0, 0, 0, 0, 0, 0, 0, 0, 0, 0),
(187, 18, '2025-10-19', '北邮世纪学院', 0, 0, 1, 0, 0, 1, 0, 0, 0, 0, 0, 0, 0, 0, 0, 0, 0, 0, 0, 0, 0, 0.0, 0, 0, 0, 0, 0, 0, 0, 0, 0, 0, 0),
(188, 9, '2025-10-19', '北邮世纪学院', 0, 2, 1, 2, 2, 0, 0, 0, 0, 0, 2, 0, 2, 0, 0, 0, 0, 0, 0, 0, 0, 0.0, 0, 0, 0, 0, 0, 0, 0, 0, 0, 0, 0),
(189, 18, '2025-10-19', '北邮世纪学院', 1, 0, 0, 0, 0, 0, 0, 0, 0, 0, 0, 0, 0, 0, 0, 0, 36, 12, 0, 0, 0, 1.0, 0, 3, 1, 4, 2, 0, 0, 0, 1, 0, 0),
(190, 9, '2025-10-19', '北邮世纪学院', 1, 0, 0, 0, 0, 0, 0, 0, 0, 0, 0, 0, 0, 0, 0, 0, 24, 14, 0, 0, 0, 1.0, 1, 0, 0, 0, 3, 0, 0, 0, 0, 0, 0),
(191, 13, '2025-10-25', '华北电力大学', 0, 2, 3, 2, 3, 1, 0, 2, 0, 0, 4, 4, 1, 0, 0, 0, 0, 0, 0, 0, 0, 0.0, 0, 0, 0, 0, 0, 0, 0, 0, 0, 0, 0),
(192, 9, '2025-10-25', '华北电力大学', 0, 1, 1, 1, 1, 0, 0, 0, 0, 0, 1, 0, 0, 0, 0, 0, 0, 0, 0, 0, 0, 0.0, 0, 0, 0, 0, 0, 0, 0, 0, 0, 0, 0),
(193, 28, '2025-10-25', '华北电力大学', 0, 3, 2, 2, 3, 0, 0, 0, 0, 0, 2, 3, 3, 0, 0, 0, 0, 0, 0, 0, 0, 0.0, 0, 0, 0, 0, 0, 0, 0, 0, 0, 0, 0),
(194, 15, '2025-10-25', '华北电力大学', 0, 1, 0, 1, 2, 0, 0, 1, 0, 0, 2, 2, 1, 0, 0, 0, 0, 0, 0, 0, 0, 0.0, 0, 0, 0, 0, 0, 0, 0, 0, 0, 0, 0),
(195, 39, '2025-10-25', '华北电力大学', 0, 1, 1, 1, 0, 0, 0, 0, 0, 0, 1, 1, 1, 0, 0, 0, 0, 0, 0, 0, 0, 0.0, 0, 0, 0, 0, 0, 0, 0, 0, 0, 0, 0),
(196, 10, '2025-10-25', '华北电力大学', 0, 0, 1, 0, 1, 1, 0, 0, 0, 0, 0, 1, 0, 0, 0, 0, 0, 0, 0, 0, 0, 0.0, 0, 0, 0, 0, 0, 0, 0, 0, 0, 0, 0),
(197, 17, '2025-10-25', '华北电力大学', 0, 4, 2, 2, 0, 0, 1, 1, 0, 0, 3, 1, 1, 0, 0, 0, 0, 0, 0, 0, 0, 0.0, 0, 0, 0, 0, 0, 0, 0, 0, 0, 0, 0),
(198, 12, '2025-10-25', '华北电力大学', 0, 4, 3, 3, 2, 1, 1, 1, 0, 0, 4, 0, 1, 0, 0, 0, 0, 0, 0, 0, 0, 0.0, 0, 0, 0, 0, 0, 0, 0, 0, 0, 0, 0),
(199, 29, '2025-10-25', '华北电力大学', 0, 3, 3, 1, 2, 0, 0, 1, 0, 0, 2, 2, 1, 0, 0, 0, 0, 0, 0, 0, 0, 0.0, 0, 0, 0, 0, 0, 0, 0, 0, 0, 0, 0),
(200, 36, '2025-10-25', '华北电力大学', 0, 1, 2, 1, 1, 0, 0, 1, 0, 0, 2, 1, 2, 0, 0, 0, 0, 0, 0, 0, 0, 0.0, 0, 0, 0, 0, 0, 0, 0, 0, 0, 0, 0),
(201, 18, '2025-10-25', '华北电力大学', 0, 1, 3, 0, 2, 2, 0, 0, 0, 0, 0, 0, 1, 0, 0, 0, 0, 0, 0, 0, 0, 0.0, 0, 0, 0, 0, 0, 0, 0, 0, 0, 0, 0),
(202, 41, '2025-10-25', '华北电力大学', 0, 0, 2, 0, 0, 2, 0, 0, 0, 0, 0, 0, 0, 0, 0, 0, 0, 0, 0, 0, 0, 0.0, 0, 0, 0, 0, 0, 0, 0, 0, 0, 0, 0),
(203, 28, '2025-10-25', '华北电力大学', 1, 0, 0, 0, 0, 0, 0, 0, 0, 0, 0, 0, 0, 0, 0, 0, 37, 20, 12, 0, 0, 1.0, 2, 3, 3, 1, 3, 0, 0, 0, 0, 0, 0),
(204, 9, '2025-10-25', '华北电力大学', 1, 0, 0, 0, 0, 0, 0, 0, 0, 0, 0, 0, 0, 0, 0, 0, 17, 6, 0, 0, 0, 0.0, 0, 0, 0, 2, 0, 0, 0, 0, 0, 0, 0),
(205, 13, '2025-10-26', '首都师范大学', 0, 3, 2, 3, 3, 0, 0, 0, 0, 0, 3, 0, 5, 0, 0, 0, 0, 0, 0, 0, 0, 0.0, 0, 0, 0, 0, 0, 0, 0, 0, 0, 0, 0),
(206, 28, '2025-10-26', '首都师范大学', 0, 2, 1, 1, 1, 0, 1, 1, 0, 0, 2, 0, 2, 0, 0, 0, 0, 0, 0, 0, 0, 0.0, 0, 0, 0, 0, 0, 0, 0, 0, 0, 0, 0),
(207, 18, '2025-10-26', '首都师范大学', 0, 0, 1, 0, 0, 1, 0, 0, 0, 0, 0, 0, 1, 0, 0, 0, 0, 0, 0, 0, 0, 0.0, 0, 0, 0, 0, 0, 0, 0, 0, 0, 0, 0),
(208, 8, '2025-10-26', '首都师范大学', 0, 2, 2, 1, 2, 1, 0, 0, 0, 0, 1, 0, 5, 0, 0, 0, 0, 0, 0, 0, 0, 0.0, 0, 0, 0, 0, 0, 0, 0, 0, 0, 0, 0),
(209, 10, '2025-10-26', '首都师范大学', 0, 1, 3, 1, 1, 2, 0, 0, 0, 0, 1, 0, 4, 0, 0, 0, 0, 0, 0, 0, 0, 0.0, 0, 0, 0, 0, 0, 0, 0, 0, 0, 0, 0),
(210, 9, '2025-10-26', '首都师范大学', 0, 3, 2, 3, 2, 0, 0, 1, 0, 0, 4, 0, 3, 0, 0, 0, 0, 0, 0, 0, 0, 0.0, 0, 0, 0, 0, 0, 0, 0, 0, 0, 0, 0),
(211, 34, '2025-10-26', '首都师范大学', 0, 2, 2, 1, 0, 1, 1, 0, 0, 0, 1, 0, 2, 0, 0, 0, 0, 0, 0, 0, 0, 0.0, 0, 0, 0, 0, 0, 0, 0, 0, 0, 0, 0),
(212, 17, '2025-10-26', '首都师范大学', 0, 1, 1, 0, 0, 1, 0, 0, 0, 0, 0, 0, 0, 0, 0, 0, 0, 0, 0, 0, 0, 0.0, 0, 0, 0, 0, 0, 0, 0, 0, 0, 0, 0),
(213, 12, '2025-10-26', '首都师范大学', 0, 2, 0, 1, 2, 0, 0, 1, 0, 0, 2, 0, 0, 0, 0, 0, 0, 0, 0, 0, 0, 0.0, 0, 0, 0, 0, 0, 0, 0, 0, 0, 0, 0),
(214, 28, '2025-10-26', '首都师范大学', 1, 0, 0, 0, 0, 0, 0, 0, 0, 0, 0, 0, 0, 0, 0, 0, 0, 0, 0, 0, 0, 1.0, 0, 0, 0, 1, 2, 0, 0, 0, 0, 0, 0),
(215, 18, '2025-10-26', '首都师范大学', 1, 0, 0, 0, 0, 0, 0, 0, 0, 0, 0, 0, 0, 0, 0, 0, 0, 0, 0, 0, 0, 1.0, 2, 3, 3, 4, 3, 0, 0, 0, 0, 0, 0),
(217, 13, '2025-11-22', '北京交通大学', 0, 2, 1, 0, 0, 2, 0, 0, 0, 0, 0, 0, 0, 0, 0, 0, 0, 0, 0, 0, 0, 0.0, 0, 0, 0, 0, 0, 0, 0, 0, 0, 0, 0),
(218, 28, '2025-11-22', '北京交通大学', 0, 2, 1, 1, 0, 1, 1, 1, 0, 0, 2, 1, 0, 0, 0, 0, 0, 0, 0, 0, 0, 0.0, 0, 0, 0, 0, 0, 0, 0, 0, 0, 0, 0),
(219, 8, '2025-11-22', '北京交通大学', 0, 1, 2, 1, 0, 1, 0, 0, 0, 0, 1, 1, 0, 0, 0, 0, 0, 0, 0, 0, 0, 0.0, 0, 0, 0, 0, 0, 0, 0, 0, 0, 0, 0),
(220, 12, '2025-11-22', '北京交通大学', 0, 0, 0, 0, 0, 1, 0, 0, 0, 0, 0, 0, 0, 0, 0, 0, 0, 0, 0, 0, 0, 0.0, 0, 0, 0, 0, 0, 0, 0, 0, 0, 0, 0),
(221, 33, '2025-11-22', '北京交通大学', 0, 3, 2, 1, 2, 1, 2, 1, 0, 0, 2, 0, 0, 0, 0, 0, 0, 0, 0, 0, 0, 0.0, 0, 0, 0, 0, 0, 0, 0, 0, 0, 0, 0),
(222, 9, '2025-11-22', '北京交通大学', 0, 3, 2, 2, 2, 0, 1, 1, 0, 0, 3, 0, 0, 0, 0, 0, 0, 0, 0, 0, 0, 0.0, 0, 0, 0, 0, 0, 0, 0, 0, 0, 0, 0),
(223, 10, '2025-11-22', '北京交通大学', 0, 1, 1, 0, 0, 1, 1, 0, 0, 0, 0, 1, 0, 0, 0, 0, 0, 0, 0, 0, 0, 0.0, 0, 0, 0, 0, 0, 0, 0, 0, 0, 0, 0),
(224, 34, '2025-11-22', '北京交通大学', 0, 3, 1, 2, 2, 0, 1, 0, 0, 1, 5, 0, 0, 0, 0, 0, 0, 0, 0, 0, 0, 0.0, 0, 0, 0, 0, 0, 0, 0, 0, 0, 0, 0),
(225, 17, '2025-11-22', '北京交通大学', 0, 2, 0, 0, 0, 0, 1, 0, 0, 0, 0, 1, 0, 0, 0, 0, 0, 0, 0, 0, 0, 0.0, 0, 0, 0, 0, 0, 0, 0, 0, 0, 0, 0),
(226, 14, '2025-11-22', '北京交通大学', 0, 1, 0, 1, 1, 1, 0, 0, 0, 0, 1, 0, 0, 0, 0, 0, 0, 0, 0, 0, 0, 0.0, 0, 0, 0, 0, 0, 0, 0, 0, 0, 0, 0),
(227, 18, '2025-11-22', '北京交通大学', 0, 0, 0, 0, 0, 0, 0, 0, 0, 0, 0, 0, 0, 0, 0, 0, 0, 0, 0, 0, 0, 0.0, 0, 0, 0, 0, 0, 0, 0, 0, 0, 0, 0),
(228, 15, '2025-11-22', '北京交通大学', 0, 0, 1, 0, 0, 1, 0, 0, 0, 0, 0, 0, 0, 0, 0, 0, 0, 0, 0, 0, 0, 0.0, 0, 0, 0, 0, 0, 0, 0, 0, 0, 0, 0),
(229, 28, '2025-11-22', '北京交通大学', 1, 0, 0, 0, 0, 0, 0, 0, 0, 0, 0, 0, 0, 0, 0, 0, 12, 7, 1, 7, 0, 1.0, 2, 4, 4, 1, 1, 2, 0, 0, 0, 0, 0),
(230, 18, '2025-11-22', '北京交通大学', 1, 0, 0, 0, 0, 0, 0, 0, 0, 0, 0, 0, 0, 0, 0, 0, 19, 6, 1, 0, 0, 1.0, 1, 3, 3, 3, 1, 0, 0, 0, 0, 0, 0),
(231, 15, '2025-11-22', '北京交通大学', 1, 0, 0, 0, 0, 0, 0, 0, 0, 0, 0, 0, 0, 0, 0, 0, 17, 8, 1, 8, 0, 1.0, 3, 5, 5, 2, 1, 0, 0, 0, 0, 1, 0),
(232, 9, '2025-11-22', '北京交通大学', 1, 0, 0, 0, 0, 0, 0, 0, 0, 0, 0, 0, 0, 0, 0, 0, 0, 0, 0, 1, 0, 0.0, 1, 0, 0, 0, 0, 0, 0, 0, 0, 0, 0);

ALTER TABLE players AUTO_INCREMENT = 42;

ALTER TABLE positions AUTO_INCREMENT = 10;

ALTER TABLE game_records AUTO_INCREMENT = 233;

SELECT COUNT(*) AS players FROM players;

SELECT COUNT(*) AS game_records FROM game_records;

SELECT COUNT(*) AS positions FROM positions;